<?xml version="1.0" encoding="ISO-8859-1"?>
<user6s>
	<user6>
		<link><![CDATA[http://www.music-news.com/ShowNews.asp?nItemID=89377]]></link>
		<title><![CDATA[GWAR release Kim Dylla as posting war erupts]]></title>
		<description><![CDATA[<img src="http://www.music-news.com/images/news/gwar.jpg" />]]><![CDATA[Shock rock legends GWAR are going through more upheaval in the band.]]></description>
		<dateSaved>2015-05-18 04:51:46</dateSaved>
	</user6>
	<user6>
		<link><![CDATA[http://www.music-news.com/ShowNews.asp?nItemID=89379]]></link>
		<title><![CDATA[Rolling Stones 'Satisfaction' 50th anniversary vinyl single]]></title>
		<description><![CDATA[<img src="http://www.music-news.com/images/news/rollingstones.jpg" />]]><![CDATA[The Rolling Stones' signature tune classic, (I Cant Get No) Satisfaction, will be reissued as a 12 inch vinyl single to mark its 50th anniversary in June.]]></description>
		<dateSaved>2015-05-18 04:51:46</dateSaved>
	</user6>
	<user6>
		<link><![CDATA[http://www.music-news.com/ShowNews.asp?nItemID=89380]]></link>
		<title><![CDATA[Lianne La Havas 'Unstoppable' video]]></title>
		<description><![CDATA[<img src="http://www.music-news.com/images/news/Lianne-La-Havas.jpg" />]]><![CDATA[Lianne La Havas made a huge breakthrough with her Top 5 debut album Is Your Love Big Enough? which sold 200,000 copies]]></description>
		<dateSaved>2015-05-18 04:51:46</dateSaved>
	</user6>
	<user6>
		<link><![CDATA[http://www.music-news.com/ShowNews.asp?nItemID=89383]]></link>
		<title><![CDATA[The Vaccines announce HMV gig and signing]]></title>
		<description><![CDATA[<img src="http://www.music-news.com/images/news/vaccines.jpg" />]]><![CDATA[The Vaccines visit hmv to perform sign copies of their new album 'English Graffiti' and will also perform live at hmv 363 Oxford Street.]]></description>
		<dateSaved>2015-05-18 04:51:46</dateSaved>
	</user6>
	<user6>
		<link><![CDATA[http://www.music-news.com/ShowNews.asp?nItemID=89384]]></link>
		<title><![CDATA[The Jacksons to play BBC Proms in the Park]]></title>
		<description><![CDATA[<img src="http://www.music-news.com/images/news/jacksons.jpg" />]]><![CDATA[Ken Bruce has announced today on BBC Radio 2 that the American music legends The Jacksons are to headline at this years BBC Proms in the Park]]></description>
		<dateSaved>2015-05-18 04:51:46</dateSaved>
	</user6>
	<user6>
		<link><![CDATA[http://www.music-news.com/ShowNews.asp?nItemID=89385]]></link>
		<title><![CDATA[Annie Lennox: I dont understand fans]]></title>
		<description><![CDATA[<img src="http://www.music-news.com/images/news/cover/89385.jpg" />]]><![CDATA[Annie Lennox avoids socialising before taking to the stage.]]></description>
		<dateSaved>2015-05-18 04:51:46</dateSaved>
	</user6>
	<user6>
		<link><![CDATA[http://www.music-news.com/ShowNews.asp?nItemID=89386]]></link>
		<title><![CDATA[Michael Feinstein brings Great American Songbook to London]]></title>
		<description><![CDATA[<img src="http://www.music-news.com/images/news/Michael-FEINSTEIN.jpg" />]]><![CDATA[The internationally acclaimed American singer, pianist, producer and musical revivalist, Michael Feinstein, has announced a special show]]></description>
		<dateSaved>2015-05-18 04:51:46</dateSaved>
	</user6>
	<user6>
		<link><![CDATA[http://www.music-news.com/ShowNews.asp?nItemID=89389]]></link>
		<title><![CDATA[Vintage Trouble new album '1 Hopeful Rd']]></title>
		<description><![CDATA[<img src="http://www.music-news.com/images/news/VintageTrouble.jpg" />]]><![CDATA[1 Hopeful Rd.  Vintage Troubles first album for Blue Note Records  will be released on August 14th.]]></description>
		<dateSaved>2015-05-18 04:51:46</dateSaved>
	</user6>
	<user6>
		<link><![CDATA[http://www.music-news.com/ShowNews.asp?nItemID=89390]]></link>
		<title><![CDATA[Cameron ''supports Nicole through marriage trouble'']]></title>
		<description><![CDATA[<img src="http://www.music-news.com/images/news/cover/89390.jpg" />]]><![CDATA[Cameron Diaz apparently doesn''t want Nicole Richie and Joel Madden to throw away what they have.]]></description>
		<dateSaved>2015-05-18 04:51:46</dateSaved>
	</user6>
	<user6>
		<link><![CDATA[http://www.music-news.com/ShowNews.asp?nItemID=89391]]></link>
		<title><![CDATA[Chrissy Teigen: I want babies with John!]]></title>
		<description><![CDATA[<img src="http://www.music-news.com/images/news/cover/89391.jpg" />]]><![CDATA[Chrissy Teigen visualises having three or four children with her husband John Legend.]]></description>
		<dateSaved>2015-05-18 04:51:46</dateSaved>
	</user6>
	<user6>
		<link><![CDATA[http://www.music-news.com/ShowNews.asp?nItemID=89392]]></link>
		<title><![CDATA[Brooklyn Decker: Elton gives me baby tips]]></title>
		<description><![CDATA[<img src="http://www.music-news.com/images/news/cover/89392.jpg" />]]><![CDATA[Brooklyn Decker has joked that kids are there to "mess with".]]></description>
		<dateSaved>2015-05-18 04:51:46</dateSaved>
	</user6>
	<user6>
		<link><![CDATA[http://www.music-news.com/ShowNews.asp?nItemID=89398]]></link>
		<title><![CDATA[Carrie Underwood leads CMTs]]></title>
		<description><![CDATA[<img src="http://www.music-news.com/images/news/cover/89398.jpg" />]]><![CDATA[Those in the running for this years CMT Awards have been revealed.]]></description>
		<dateSaved>2015-05-18 04:51:46</dateSaved>
	</user6>
	<user6>
		<link><![CDATA[http://www.music-news.com/ShowNews.asp?nItemID=89399]]></link>
		<title><![CDATA[Cannon: I appreciate the small things]]></title>
		<description><![CDATA[<img src="http://www.music-news.com/images/news/cover/89399.jpg" />]]><![CDATA[Nick Cannon considered joining the military before breaking into the entertainment industry.]]></description>
		<dateSaved>2015-05-18 04:51:46</dateSaved>
	</user6>
	<user6>
		<link><![CDATA[http://www.music-news.com/ShowNews.asp?nItemID=89400]]></link>
		<title><![CDATA[Steven Tyler announces debut country single]]></title>
		<description><![CDATA[<img src="http://www.music-news.com/images/news/Steven-Tyler.jpg" />]]><![CDATA[Ahead of his US tour with Aerosmith, legendary Steven Tyler announces his debut Country single Love Is Your Name will be released in the UK on 29 June.]]></description>
		<dateSaved>2015-05-18 04:51:46</dateSaved>
	</user6>
	<user6>
		<link><![CDATA[http://www.music-news.com/ShowNews.asp?nItemID=89402]]></link>
		<title><![CDATA[Swift glowing at dinner with Calvin Harris]]></title>
		<description><![CDATA[<img src="http://www.music-news.com/images/news/cover/89402.jpg" />]]><![CDATA[Taylor Swift and Calvin Harris supposedly looked as if they were having a blast with each other while dining out in Santa Monica, California Tuesday night.]]></description>
		<dateSaved>2015-05-18 04:51:46</dateSaved>
	</user6>
	<user6>
		<link><![CDATA[http://www.music-news.com/ShowNews.asp?nItemID=89403]]></link>
		<title><![CDATA[Paul McCartney: Oasis should reform]]></title>
		<description><![CDATA[<img src="http://www.music-news.com/images/news/Paul-McCartney.jpg" />]]><![CDATA[Paul McCartney is urging the Gallagher brothers to reform Oasis even though he never reformed his band that they idolised, The Beatles.]]></description>
		<dateSaved>2015-05-18 04:51:46</dateSaved>
	</user6>
	<user6>
		<link><![CDATA[http://www.music-news.com/ShowNews.asp?nItemID=89404]]></link>
		<title><![CDATA[Foo Fighters play surprise covers show at county fair]]></title>
		<description><![CDATA[<img src="http://www.music-news.com/images/news/FooFighters.jpg" />]]><![CDATA[People who went to the Conejo Valley Days in Thousand Oaks, CA on Saturday to see Foo Fighters drummer Taylor Hawkins and his side project]]></description>
		<dateSaved>2015-05-18 04:51:46</dateSaved>
	</user6>
	<user6>
		<link><![CDATA[http://www.music-news.com/ShowNews.asp?nItemID=89405]]></link>
		<title><![CDATA[Paloma Faith pulls all Australian dates]]></title>
		<description><![CDATA[<img src="http://www.music-news.com/images/news/Paloma-Faith.jpg" />]]><![CDATA[Paloma Faiths remaining Australian shows have been cancelled.]]></description>
		<dateSaved>2015-05-18 04:51:46</dateSaved>
	</user6>
	<user6>
		<link><![CDATA[http://www.music-news.com/ShowNews.asp?nItemID=89406]]></link>
		<title><![CDATA[Aguilera: I love organising daughter's closet]]></title>
		<description><![CDATA[<img src="http://www.music-news.com/images/news/cover/89406.jpg" />]]><![CDATA[Christina Aguilera didn't just sit back and relax on Mother's Day.]]></description>
		<dateSaved>2015-05-18 04:51:46</dateSaved>
	</user6>
	<user6>
		<link><![CDATA[http://www.music-news.com/ShowNews.asp?nItemID=89407]]></link>
		<title><![CDATA[Mariah Carey cancels Vegas show]]></title>
		<description><![CDATA[<img src="http://www.music-news.com/images/news/cover/89407.jpg" />]]><![CDATA[Mariah Carey has had to cancel a Vegas show due to bronchitis.]]></description>
		<dateSaved>2015-05-18 04:51:46</dateSaved>
	</user6>
	<user6>
		<link><![CDATA[http://www.music-news.com/ShowNews.asp?nItemID=89411]]></link>
		<title><![CDATA[Jack Bruce 'Sunshine of Your Love' gig grows]]></title>
		<description><![CDATA[<img src="http://www.music-news.com/images/news/Jack-Bruce.jpg" />]]><![CDATA[Today, on what would have been Jack Bruces 72nd birthday, further artists were added to the bill for his tribute concert on 24 October]]></description>
		<dateSaved>2015-05-18 04:51:46</dateSaved>
	</user6>
	<user6>
		<link><![CDATA[http://www.music-news.com/ShowNews.asp?nItemID=89412]]></link>
		<title><![CDATA[Catfish and the Bottlemen get Ewan McGregor]]></title>
		<description><![CDATA[<img src="http://www.music-news.com/images/news/CatfishandtheBottlemen.jpg" />]]><![CDATA[Band of the moment Catfish and the Bottlemen capture the laid-back spirit of summer with their infectious new single Hourglass released June 22nd via Island/Communion.]]></description>
		<dateSaved>2015-05-18 04:51:46</dateSaved>
	</user6>
	<user6>
		<link><![CDATA[http://www.music-news.com/ShowNews.asp?nItemID=89413]]></link>
		<title><![CDATA[Brandon Flowers: Radio would tear Killers apart]]></title>
		<description><![CDATA[<img src="http://www.music-news.com/images/news/cover/89413.jpg" />]]><![CDATA[Brandon Flowers plans to keep shooting for the moon when it comes to his career.]]></description>
		<dateSaved>2015-05-18 04:51:46</dateSaved>
	</user6>
	<user6>
		<link><![CDATA[http://www.music-news.com/ShowNews.asp?nItemID=89418]]></link>
		<title><![CDATA[Florence Welch: We've all been hurt]]></title>
		<description><![CDATA[<img src="http://www.music-news.com/images/news/cover/89418.jpg" />]]><![CDATA[Florence Welch has explained the idea behind her intense What Kind of Man video.]]></description>
		<dateSaved>2015-05-18 04:51:46</dateSaved>
	</user6>
	<user6>
		<link><![CDATA[http://www.music-news.com/ShowNews.asp?nItemID=89420]]></link>
		<title><![CDATA[Kimye fighting over radiation exposure]]></title>
		<description><![CDATA[<img src="http://www.music-news.com/images/news/cover/89420.jpg" />]]><![CDATA[Kanye West and his wife Kim Kardashian are said to be arguing over whether its safe to expose their daughter North to electronics of any kind.]]></description>
		<dateSaved>2015-05-18 04:51:46</dateSaved>
	</user6>
	<user6>
		<link><![CDATA[http://www.music-news.com/ShowNews.asp?nItemID=89421]]></link>
		<title><![CDATA[Jordin: Im over Derulo]]></title>
		<description><![CDATA[<img src="http://www.music-news.com/images/news/cover/89421.jpg" />]]><![CDATA[Jordin Sparks says shes finally over her split from Jason Derulo, and isnt hurting anymore.]]></description>
		<dateSaved>2015-05-18 04:51:46</dateSaved>
	</user6>
	<user6>
		<link><![CDATA[http://www.music-news.com/ShowNews.asp?nItemID=89422]]></link>
		<title><![CDATA[Ciara gushes over new beau]]></title>
		<description><![CDATA[<img src="http://www.music-news.com/images/news/cover/89422.jpg" />]]><![CDATA[Ciara has finally addressed rumours of her alleged romantic relationship with Seattle Seahawks quarterback Russell Wilson, after months of keeping mum.]]></description>
		<dateSaved>2015-05-18 04:51:46</dateSaved>
	</user6>
	<user6>
		<link><![CDATA[http://www.music-news.com/ShowNews.asp?nItemID=89423]]></link>
		<title><![CDATA[Gomez: This year is so exciting]]></title>
		<description><![CDATA[<img src="http://www.music-news.com/images/news/cover/89423.jpg" />]]><![CDATA[Selena Gomez has promised her fans they wont be disappointed with her new music.]]></description>
		<dateSaved>2015-05-18 04:51:46</dateSaved>
	</user6>
	<user6>
		<link><![CDATA[http://www.music-news.com/ShowNews.asp?nItemID=89424]]></link>
		<title><![CDATA[Kidman: Sunday wants to be on The Voice Kids]]></title>
		<description><![CDATA[<img src="http://www.music-news.com/images/news/cover/89424.jpg" />]]><![CDATA[Nicole Kidman says daughter Sunday Rose wants to compete on singing competition TV show The Voice Kids.]]></description>
		<dateSaved>2015-05-18 04:51:46</dateSaved>
	</user6>
	<user6>
		<link><![CDATA[http://www.music-news.com/ShowNews.asp?nItemID=89426]]></link>
		<title><![CDATA[Geri Halliwell's Spice kids wedding]]></title>
		<description><![CDATA[<img src="http://www.music-news.com/images/news/cover/89426.jpg" />]]><![CDATA[Geri Halliwell will reportedly arrive at her wedding in a Formula One car today.]]></description>
		<dateSaved>2015-05-18 04:51:46</dateSaved>
	</user6>
	<user6>
		<link><![CDATA[http://www.music-news.com/ShowNews.asp?nItemID=89427]]></link>
		<title><![CDATA[B.B. King dies]]></title>
		<description><![CDATA[<img src="http://www.music-news.com/images/news/cover/89427.jpg" />]]><![CDATA[Blues legend B.B. King has passed away at the age of 89.]]></description>
		<dateSaved>2015-05-18 04:51:46</dateSaved>
	</user6>
	<user6>
		<link><![CDATA[http://www.music-news.com/ShowNews.asp?nItemID=89429]]></link>
		<title><![CDATA[Steve Aoki cancels all gigs ahead of surgery]]></title>
		<description><![CDATA[<img src="http://www.music-news.com/images/news/Steve-Aoki.jpg" />]]><![CDATA[DJ Steve Aoki has cancelled five European performances while he undergoes throat surgery.]]></description>
		<dateSaved>2015-05-18 04:51:46</dateSaved>
	</user6>
	<user6>
		<link><![CDATA[http://www.music-news.com/ShowNews.asp?nItemID=89430]]></link>
		<title><![CDATA[David Cassidy loses drivers license]]></title>
		<description><![CDATA[<img src="http://www.music-news.com/images/news/David-Cassidy.jpg" />]]><![CDATA[David Cassidy will not be driving himself anywhere anytime soon.]]></description>
		<dateSaved>2015-05-18 04:51:46</dateSaved>
	</user6>
	<user6>
		<link><![CDATA[http://www.music-news.com/ShowNews.asp?nItemID=89432]]></link>
		<title><![CDATA[Liam Payne: Zayn's exit made us angry]]></title>
		<description><![CDATA[<img src="http://www.music-news.com/images/news/cover/89432.jpg" />]]><![CDATA[One Direction have spoken out about Zayn Malik quitting the group.]]></description>
		<dateSaved>2015-05-18 04:51:46</dateSaved>
	</user6>
	<user6>
		<link><![CDATA[http://www.music-news.com/ShowNews.asp?nItemID=89433]]></link>
		<title><![CDATA[Madonna undisputed queen of Billboard chart]]></title>
		<description><![CDATA[<img src="http://www.music-news.com/images/news/Madonna.jpg" />]]><![CDATA[Madonna is the new reigning queen of a single Billboard chart.]]></description>
		<dateSaved>2015-05-18 04:51:46</dateSaved>
	</user6>
	<user6>
		<link><![CDATA[http://www.music-news.com/ShowNews.asp?nItemID=89439]]></link>
		<title><![CDATA[Geri Halliwells wedding lacks a few Spices]]></title>
		<description><![CDATA[<img src="http://www.music-news.com/images/news/cover/89439.jpg" />]]><![CDATA[Victoria Beckham has apologised to Geri Halliwell after missing her wedding day to Christian Horner.]]></description>
		<dateSaved>2015-05-18 04:51:46</dateSaved>
	</user6>
	<user6>
		<link><![CDATA[http://www.music-news.com/ShowNews.asp?nItemID=89441]]></link>
		<title><![CDATA[Kevin Federline: Time heals everything]]></title>
		<description><![CDATA[<img src="http://www.music-news.com/images/news/cover/89441.jpg" />]]><![CDATA[Kevin Federline says his family with ex-wife Britney Spears is great.]]></description>
		<dateSaved>2015-05-18 04:51:46</dateSaved>
	</user6>
	<user6>
		<link><![CDATA[http://www.music-news.com/ShowNews.asp?nItemID=89442]]></link>
		<title><![CDATA[Florence Welch: I wore myself out]]></title>
		<description><![CDATA[<img src="http://www.music-news.com/images/news/cover/89442.jpg" />]]><![CDATA[Florence Welch wrestled with her demons during a break from performing.]]></description>
		<dateSaved>2015-05-18 04:51:46</dateSaved>
	</user6>
	<user6>
		<link><![CDATA[http://www.music-news.com/ShowNews.asp?nItemID=89443]]></link>
		<title><![CDATA[Brandon Flowers: The Killers are under appreciated]]></title>
		<description><![CDATA[<img src="http://www.music-news.com/images/news/cover/89443.jpg" />]]><![CDATA[Brandon Flowers thinks The Killers are the best band in the last long time.]]></description>
		<dateSaved>2015-05-18 04:51:46</dateSaved>
	</user6>
	<user6>
		<link><![CDATA[http://www.music-news.com/ShowNews.asp?nItemID=89444]]></link>
		<title><![CDATA[Jaime King: Taylors authentic]]></title>
		<description><![CDATA[<img src="http://www.music-news.com/images/news/cover/89444.jpg" />]]><![CDATA[Jaime King has revealed the reasons why she chose BFF Taylor Swift to be her unborn babys godmother.]]></description>
		<dateSaved>2015-05-18 04:51:46</dateSaved>
	</user6>
	<user6>
		<link><![CDATA[http://www.music-news.com/ShowNews.asp?nItemID=89447]]></link>
		<title><![CDATA[Bey and Jay's 'pre-Met Gala bust-up']]></title>
		<description><![CDATA[<img src="http://www.music-news.com/images/news/cover/89447.jpg" />]]><![CDATA[Beyonc&eacute; Knowles and Jay Z were apparently "on edge" ahead of this year's Met Gala, following the incident at the 2014 event.]]></description>
		<dateSaved>2015-05-18 04:51:46</dateSaved>
	</user6>
	<user6>
		<link><![CDATA[http://www.music-news.com/ShowNews.asp?nItemID=89448]]></link>
		<title><![CDATA[Gwen Stefani: Stop with the selfies!]]></title>
		<description><![CDATA[<img src="http://www.music-news.com/images/news/cover/89448.jpg" />]]><![CDATA[Gwen Stefani is so pleased her talented friend Pharrell Williams is taking over the world with his music.]]></description>
		<dateSaved>2015-05-18 04:51:46</dateSaved>
	</user6>
	<user6>
		<link><![CDATA[http://www.music-news.com/ShowNews.asp?nItemID=89453]]></link>
		<title><![CDATA[Eric Clapton B.B. King tribute]]></title>
		<description><![CDATA[<img src="http://www.music-news.com/images/news/BBKing.jpg" />]]><![CDATA[Eric Clapton has recorded a video message to pay his respects to his friend, B.B. King.<br>]]></description>
		<dateSaved>2015-05-18 04:51:46</dateSaved>
	</user6>
	<user6>
		<link><![CDATA[http://www.music-news.com/ShowNews.asp?nItemID=89454]]></link>
		<title><![CDATA[The Edge takes a tumble off stage]]></title>
		<description><![CDATA[<img src="http://www.music-news.com/images/news/u2.jpg" />]]><![CDATA[U2 kicked off their Innocence + Experience world tour in Vancouver, Canada and he wasnt without problems. The Edge fell off the stage during]]></description>
		<dateSaved>2015-05-18 04:51:46</dateSaved>
	</user6>
	<user6>
		<link><![CDATA[http://www.music-news.com/ShowNews.asp?nItemID=89466]]></link>
		<title><![CDATA[Taylor Swift shares her musical inspirations]]></title>
		<description><![CDATA[<img src="http://www.music-news.com/images/news/cover/89466.jpg" />]]><![CDATA[Taylor Swift has shared the songs that have influenced her musical career.]]></description>
		<dateSaved>2015-05-18 04:51:46</dateSaved>
	</user6>
	<user6>
		<link><![CDATA[http://www.music-news.com/ShowNews.asp?nItemID=89470]]></link>
		<title><![CDATA[Sam Smith: I'll never be attention seeking]]></title>
		<description><![CDATA[<img src="http://www.music-news.com/images/news/cover/89470.jpg" />]]><![CDATA[Sam Smith thinks it's a shame that outrageous stars get the most attention.]]></description>
		<dateSaved>2015-05-18 04:51:46</dateSaved>
	</user6>
	<user6>
		<link><![CDATA[http://www.music-news.com/ShowNews.asp?nItemID=89471]]></link>
		<title><![CDATA[Kim and Kanye''s ''image boosted'']]></title>
		<description><![CDATA[<img src="http://www.music-news.com/images/news/cover/89471.jpg" />]]><![CDATA[Kim Kardashian and Kanye West are apparently enjoying a newly-relaxed romance.]]></description>
		<dateSaved>2015-05-18 04:51:46</dateSaved>
	</user6>
	<user6>
		<link><![CDATA[http://www.music-news.com/ShowNews.asp?nItemID=89472]]></link>
		<title><![CDATA[Charli XCX: Dancing is my high]]></title>
		<description><![CDATA[<img src="http://www.music-news.com/images/news/cover/89472.jpg" />]]><![CDATA[Charli XCX likes to freak people out when she's on stage.]]></description>
		<dateSaved>2015-05-18 04:51:46</dateSaved>
	</user6>
	<user6>
		<link><![CDATA[http://www.music-news.com/ShowNews.asp?nItemID=89476]]></link>
		<title><![CDATA[Nick Jonas: I can laugh at myself]]></title>
		<description><![CDATA[<img src="http://www.music-news.com/images/news/cover/89476.jpg" />]]><![CDATA[Nick Jonas always enjoys watching Kelly Clarkson perform.]]></description>
		<dateSaved>2015-05-18 04:39:55</dateSaved>
	</user6>
</user6s>
