<?xml version="1.0" encoding="ISO-8859-1"?>
<user2s>
	<user2>
		<link><![CDATA[http://www.music-news.com/ShowNews.asp?nItemID=89681]]></link>
		<title><![CDATA[Ricky Martin: I dont need an Adonis]]></title>
		<description><![CDATA[<img src="http://www.music-news.com/images/news/cover/89681.jpg" />]]><![CDATA[Ricky Martin has realised he can't bring men home now he is a father.]]></description>
		<dateSaved>2015-06-01 13:13:34</dateSaved>
	</user2>
	<user2>
		<link><![CDATA[http://www.music-news.com/ShowNews.asp?nItemID=89683]]></link>
		<title><![CDATA[Hailee Steinfeld: I want to live Bad Blood]]></title>
		<description><![CDATA[<img src="http://www.music-news.com/images/news/cover/89683.jpg" />]]><![CDATA[Hailee Steinfeld would like to see an extended version of Taylor Swifts Bad Blood video.]]></description>
		<dateSaved>2015-06-01 13:11:57</dateSaved>
	</user2>
</user2s>
